command,mean,stddev,median,user,system,min,max
./enhanced_main constant,0.0009390626800000002,0.00011103805383926054,0.0009038002800000004,0.0013820399999999997,0.000304109,0.0007753867800000002,0.0012018657800000002
./enhanced_main logarithmic,0.0010404656800000003,0.00018317378315166926,0.0010064862800000002,0.0013297399999999998,0.00041031999999999993,0.0008082157800000001,0.0013913017800000005
./enhanced_main linear,0.0013363913300000006,0.0004238807742373438,0.0010914547800000003,0.00132829,0.000655731,0.0008747747800000004,0.0020456207800000005
./enhanced_main nlogn,0.0013886795800000002,0.0001691715838704037,0.0013983752800000003,0.00157074,0.00048537000000000005,0.0010896107800000003,0.0016992457800000002
./enhanced_main quadratic,0.00102600948,0.00020658240301991895,0.0009728532800000003,0.0014733900000000002,0.00028112199999999997,0.0008285827800000004,0.0017507917800000002
