{
  "results": [
    {
      "command": "./enhanced_main constant",
      "mean": 0.0009390626800000002,
      "stddev": 0.00011103805383926054,
      "median": 0.0009038002800000004,
      "user": 0.0013820399999999997,
      "system": 0.000304109,
      "min": 0.0007753867800000002,
      "max": 0.0012018657800000002,
      "times": [
        0.0010396227800000004,
        0.0009411217800000004,
        0.0008297187800000005,
        0.0009167097800000003,
        0.0007753867800000002,
        0.0010118537800000004,
        0.0008991367800000004,
        0.0010767517800000003,
        0.0008093187800000002,
        0.00104247578,
        0.0012018657800000002,
        0.0008795777800000002,
        0.0008721207800000005,
        0.0009043957800000005,
        0.0009032047800000003,
        0.0008210577800000004,
        0.0008831337800000003,
        0.0008678617800000001,
        0.0010969797800000004,
        0.0010089587800000003
      ],
      "exit_codes": [
        0,
        0,
        0,
        0,
        0,
        0,
        0,
        0,
        0,
        0,
        0,
        0,
        0,
        0,
        0,
        0,
        0,
        0,
        0,
        0
      ]
    },
    {
      "command": "./enhanced_main logarithmic",
      "mean": 0.0010404656800000003,
      "stddev": 0.00018317378315166926,
      "median": 0.0010064862800000002,
      "user": 0.0013297399999999998,
      "system": 0.00041031999999999993,
      "min": 0.0008082157800000001,
      "max": 0.0013913017800000005,
      "times": [
        0.0009541677800000005,
        0.0012554277800000003,
        0.0009734597800000002,
        0.0009056587800000001,
        0.0010471607800000005,
        0.0012552607800000001,
        0.0008246907800000002,
        0.0010395127800000002,
        0.0008556097800000001,
        0.0008587337800000003,
        0.0008360547800000005,
        0.0011662037800000001,
        0.0011802677800000004,
        0.0008082157800000001,
        0.0009286097800000003,
        0.0010928917800000003,
        0.0013016327800000004,
        0.0013913017800000005,
        0.0008909077800000002,
        0.0012435447800000004
      ],
      "exit_codes": [
        0,
        0,
        0,
        0,
        0,
        0,
        0,
        0,
        0,
        0,
        0,
        0,
        0,
        0,
        0,
        0,
        0,
        0,
        0,
        0
      ]
    },
    {
      "command": "./enhanced_main linear",
      "mean": 0.0013363913300000006,
      "stddev": 0.0004238807742373438,
      "median": 0.0010914547800000003,
      "user": 0.00132829,
      "system": 0.000655731,
      "min": 0.0008747747800000004,
      "max": 0.0020456207800000005,
      "times": [
        0.0010290287800000003,
        0.0009436017800000004,
        0.0008747747800000004,
        0.0014419317800000004,
        0.0015364117800000005,
        0.0017929657800000004,
        0.0020313627800000005,
        0.0017217947800000004,
        0.0017557447800000004,
        0.0020456207800000005,
        0.0019176487800000004,
        0.0016477587800000004,
        0.0010560917800000002,
        0.0009719667800000002,
        0.0008861787800000004,
        0.0009858617800000001,
        0.0009618647800000001,
        0.0011268177800000004,
        0.0010002427800000005,
        0.0010001567800000002
      ],
      "exit_codes": [
        0,
        0,
        0,
        0,
        0,
        0,
        0,
        0,
        0,
        0,
        0,
        0,
        0,
        0,
        0,
        0,
        0,
        0,
        0,
        0
      ]
    },
    {
      "command": "./enhanced_main nlogn",
      "mean": 0.0013886795800000002,
      "stddev": 0.0001691715838704037,
      "median": 0.0013983752800000003,
      "user": 0.00157074,
      "system": 0.00048537000000000005,
      "min": 0.0010896107800000003,
      "max": 0.0016992457800000002,
      "times": [
        0.0013519277800000005,
        0.0011850247800000002,
        0.0010896107800000003,
        0.0013593747800000004,
        0.0013265237800000004,
        0.0013867927800000003,
        0.0014385667800000004,
        0.00150144978,
        0.0014636497800000004,
        0.0014099577800000002,
        0.0014786967800000002,
        0.0016992457800000002,
        0.0015591957800000001,
        0.0016059447800000001,
        0.00109911278,
        0.0012762477800000002,
        0.0015824627800000001,
        0.0014757427800000003,
        0.0013420847800000003,
        0.0011419787800000004
      ],
      "exit_codes": [
        0,
        0,
        0,
        0,
        0,
        0,
        0,
        0,
        0,
        0,
        0,
        0,
        0,
        0,
        0,
        0,
        0,
        0,
        0,
        0
      ]
    },
    {
      "command": "./enhanced_main quadratic",
      "mean": 0.00102600948,
      "stddev": 0.00020658240301991895,
      "median": 0.0009728532800000003,
      "user": 0.0014733900000000002,
      "system": 0.00028112199999999997,
      "min": 0.0008285827800000004,
      "max": 0.0017507917800000002,
      "times": [
        0.0009608317800000005,
        0.0012820537800000004,
        0.0009239367800000001,
        0.0011452807800000002,
        0.0017507917800000002,
        0.0008852627800000003,
        0.0010621267800000004,
        0.0010425227800000005,
        0.0008994177800000004,
        0.0008570417800000001,
        0.0009159267800000004,
        0.0009477087800000001,
        0.0008285827800000004,
        0.0010195517800000004,
        0.0008442847800000002,
        0.0009018027800000001,
        0.0010655427800000004,
        0.00098487478,
        0.0010522947800000004,
        0.0011503527800000002
      ],
      "exit_codes": [
        0,
        0,
        0,
        0,
        0,
        0,
        0,
        0,
        0,
        0,
        0,
        0,
        0,
        0,
        0,
        0,
        0,
        0,
        0,
        0
      ]
    }
  ]
}
