command,mean,stddev,median,user,system,min,max
./enhanced_main constant,0.0011089878400000004,0.0010004902140504615,0.0008781719200000003,0.0013035799999999997,0.0004887779999999999,0.0007002814200000004,0.007309695420000001
