{
  "results": [
    {
      "command": "./enhanced_main constant",
      "mean": 0.0011089878400000004,
      "stddev": 0.0010004902140504615,
      "median": 0.0008781719200000003,
      "user": 0.0013035799999999997,
      "system": 0.0004887779999999999,
      "min": 0.0007002814200000004,
      "max": 0.007309695420000001,
      "times": [
        0.0009581834200000003,
        0.0007663704200000004,
        0.0010393804200000002,
        0.0008609444200000005,
        0.0008524484200000003,
        0.0010677334200000002,
        0.00392639242,
        0.0009701094200000005,
        0.0008626724200000004,
        0.0008816704200000005,
        0.0009204904200000002,
        0.0007667354200000004,
        0.0008086504200000004,
        0.0013750084200000003,
        0.0008462014200000003,
        0.0008468634200000005,
        0.0007723314200000005,
        0.0008717734200000004,
        0.007309695420000001,
        0.0008091214200000002,
        0.0010272764200000004,
        0.0012233444200000002,
        0.0007757614200000005,
        0.0008520974200000003,
        0.0007758014200000003,
        0.0008972464200000003,
        0.0010767604200000002,
        0.0007579234200000005,
        0.0009225694200000005,
        0.0009546404200000004,
        0.0010826804200000002,
        0.0013144364200000003,
        0.0009181644200000002,
        0.0008339004200000005,
        0.0008746734200000001,
        0.0009037204200000005,
        0.0008501094200000002,
        0.0008343314200000005,
        0.0010056324200000005,
        0.0008591854200000004,
        0.0007002814200000004,
        0.0009139994200000002,
        0.0008431124200000003,
        0.0009588694200000005,
        0.0007998554200000002,
        0.0008746534200000002,
        0.0011038724200000004,
        0.0011900574200000003,
        0.0008612894200000002,
        0.0009503694200000002
      ],
      "exit_codes": [
        0,
        0,
        0,
        0,
        0,
        0,
        0,
        0,
        0,
        0,
        0,
        0,
        0,
        0,
        0,
        0,
        0,
        0,
        0,
        0,
        0,
        0,
        0,
        0,
        0,
        0,
        0,
        0,
        0,
        0,
        0,
        0,
        0,
        0,
        0,
        0,
        0,
        0,
        0,
        0,
        0,
        0,
        0,
        0,
        0,
        0,
        0,
        0,
        0,
        0
      ]
    }
  ]
}
