command,mean,stddev,median,user,system,min,max
./enhanced_main linear,0.0010743238399999995,0.00022257976423085466,0.0010168511199999996,0.0012220400000000004,0.0004680024,0.0008621291199999996,0.0020582341199999995
