{
  "results": [
    {
      "command": "./enhanced_main linear",
      "mean": 0.0010743238399999995,
      "stddev": 0.00022257976423085466,
      "median": 0.0010168511199999996,
      "user": 0.0012220400000000004,
      "system": 0.0004680024,
      "min": 0.0008621291199999996,
      "max": 0.0020582341199999995,
      "times": [
        0.0011684241199999995,
        0.0009301851199999996,
        0.0010388481199999997,
        0.0012183981199999994,
        0.0009569731199999994,
        0.0009317271199999998,
        0.0009154531199999996,
        0.0010692881199999998,
        0.0009597521199999994,
        0.0011330311199999996,
        0.0011231631199999995,
        0.0008914971199999997,
        0.0009784671199999997,
        0.0010107421199999998,
        0.0009565171199999996,
        0.0009351481199999997,
        0.0009359901199999998,
        0.0009978871199999998,
        0.0012425741199999997,
        0.0012015681199999996,
        0.0010102011199999996,
        0.0009341671199999996,
        0.0013812541199999997,
        0.0009062721199999996,
        0.0011330441199999997,
        0.0019391241199999995,
        0.0010710501199999996,
        0.0009553051199999996,
        0.0009335661199999998,
        0.0009893321199999994,
        0.0011035671199999997,
        0.0011674221199999995,
        0.0009606501199999995,
        0.0010988751199999995,
        0.0010565981199999997,
        0.0009324441199999997,
        0.0010050151199999997,
        0.0011010991199999994,
        0.0020582341199999995,
        0.0011501511199999994,
        0.0011053261199999997,
        0.0012328631199999998,
        0.0008683551199999994,
        0.0009536361199999994,
        0.0010852611199999996,
        0.0011977701199999994,
        0.0010229601199999994,
        0.0008790091199999996,
        0.0008621291199999996,
        0.0010258751199999994
      ],
      "exit_codes": [
        0,
        0,
        0,
        0,
        0,
        0,
        0,
        0,
        0,
        0,
        0,
        0,
        0,
        0,
        0,
        0,
        0,
        0,
        0,
        0,
        0,
        0,
        0,
        0,
        0,
        0,
        0,
        0,
        0,
        0,
        0,
        0,
        0,
        0,
        0,
        0,
        0,
        0,
        0,
        0,
        0,
        0,
        0,
        0,
        0,
        0,
        0,
        0,
        0,
        0
      ]
    }
  ]
}
