command,mean,stddev,median,user,system,min,max
./enhanced_main logarithmic,0.0009793433999999998,0.00012596275516190154,0.0009639947200000001,0.0012925399999999998,0.00037798160000000004,0.0007968627199999997,0.0013241907199999998
