{
  "results": [
    {
      "command": "./enhanced_main logarithmic",
      "mean": 0.0009793433999999998,
      "stddev": 0.00012596275516190154,
      "median": 0.0009639947200000001,
      "user": 0.0012925399999999998,
      "system": 0.00037798160000000004,
      "min": 0.0007968627199999997,
      "max": 0.0013241907199999998,
      "times": [
        0.0010193057199999998,
        0.00101414172,
        0.00119005672,
        0.00095575972,
        0.0008663627199999998,
        0.0008108487199999998,
        0.0008032397199999998,
        0.00110187972,
        0.0008284347199999998,
        0.0010905337199999998,
        0.0009269167199999998,
        0.00101437172,
        0.0008707157199999997,
        0.00105634772,
        0.00130299872,
        0.0008721287199999997,
        0.00113119172,
        0.00105755072,
        0.0010003077199999997,
        0.0008561197199999997,
        0.0009385377200000001,
        0.0010370137199999998,
        0.0008749627199999999,
        0.0009944567199999998,
        0.0008707647199999999,
        0.0009024957200000001,
        0.00087205072,
        0.0009770627199999998,
        0.0013241907199999998,
        0.0009352087199999998,
        0.0010145427199999997,
        0.00109183772,
        0.0008264797199999997,
        0.00116913472,
        0.0009338517199999998,
        0.0010036397199999997,
        0.00090336672,
        0.00102263472,
        0.0010041257199999998,
        0.00106984272,
        0.00098101472,
        0.0008800307199999999,
        0.0008458747199999999,
        0.0009199617199999999,
        0.00127035372,
        0.0008535537199999999,
        0.0009610697200000001,
        0.0007968627199999997,
        0.00096691972,
        0.0009561157199999999
      ],
      "exit_codes": [
        0,
        0,
        0,
        0,
        0,
        0,
        0,
        0,
        0,
        0,
        0,
        0,
        0,
        0,
        0,
        0,
        0,
        0,
        0,
        0,
        0,
        0,
        0,
        0,
        0,
        0,
        0,
        0,
        0,
        0,
        0,
        0,
        0,
        0,
        0,
        0,
        0,
        0,
        0,
        0,
        0,
        0,
        0,
        0,
        0,
        0,
        0,
        0,
        0,
        0
      ]
    }
  ]
}
