{
  "results": [
    {
      "command": "./enhanced_main nlogn",
      "mean": 0.0011257575399999998,
      "stddev": 0.00015662699027310144,
      "median": 0.0011031038399999997,
      "user": 0.0013304599999999999,
      "system": 0.0004160999999999999,
      "min": 0.00090934684,
      "max": 0.00155681884,
      "times": [
        0.00103291684,
        0.0014123168399999997,
        0.0009893388399999997,
        0.0011122328399999998,
        0.0010861618399999999,
        0.0010642438399999998,
        0.00122959984,
        0.0010411178399999997,
        0.00138073984,
        0.00119213984,
        0.0009762008399999999,
        0.00104364584,
        0.00113150184,
        0.0011201698399999997,
        0.0009246338399999997,
        0.00153032284,
        0.0011075588399999997,
        0.0009658568400000001,
        0.0012430548399999998,
        0.00114886684,
        0.0010986488399999997,
        0.00100720584,
        0.00112956284,
        0.00104181684,
        0.0009641388399999997,
        0.0010277018399999997,
        0.00134388484,
        0.0009605018399999998,
        0.00103624284,
        0.0009624108399999998,
        0.0012117338399999999,
        0.0010050568399999997,
        0.00112054684,
        0.00108928184,
        0.00117514384,
        0.00149708484,
        0.00155681884,
        0.00118436584,
        0.00090934684,
        0.00111341484,
        0.0009760158399999997,
        0.00096158484,
        0.0011646348399999998,
        0.0010937998399999998,
        0.00118778684,
        0.00115367684,
        0.00107628584,
        0.00091986184,
        0.0012639078399999998,
        0.0013227918399999997
      ],
      "exit_codes": [
        0,
        0,
        0,
        0,
        0,
        0,
        0,
        0,
        0,
        0,
        0,
        0,
        0,
        0,
        0,
        0,
        0,
        0,
        0,
        0,
        0,
        0,
        0,
        0,
        0,
        0,
        0,
        0,
        0,
        0,
        0,
        0,
        0,
        0,
        0,
        0,
        0,
        0,
        0,
        0,
        0,
        0,
        0,
        0,
        0,
        0,
        0,
        0,
        0,
        0
      ]
    }
  ]
}
