command,mean,stddev,median,user,system,min,max
./enhanced_main nlogn,0.0011257575399999998,0.00015662699027310144,0.0011031038399999997,0.0013304599999999999,0.0004160999999999999,0.00090934684,0.00155681884
