command,mean,stddev,median,user,system,min,max
./enhanced_main quadratic,0.0008972812399999999,0.00014664049810516404,0.0008740905399999999,0.0014099800000000001,0.0003724659999999999,0.0006936850399999999,0.00134638004
