{
  "results": [
    {
      "command": "./enhanced_main quadratic",
      "mean": 0.0008972812399999999,
      "stddev": 0.00014664049810516404,
      "median": 0.0008740905399999999,
      "user": 0.0014099800000000001,
      "system": 0.0003724659999999999,
      "min": 0.0006936850399999999,
      "max": 0.00134638004,
      "times": [
        0.00072918804,
        0.0008870490400000001,
        0.00091880504,
        0.0007769630399999999,
        0.0008032400399999998,
        0.0007617460399999998,
        0.00100227404,
        0.0007059670399999997,
        0.0008906850400000001,
        0.00102296404,
        0.00134638004,
        0.00081935004,
        0.0010620630399999999,
        0.0008578190399999997,
        0.0007145070399999997,
        0.0009421170399999998,
        0.0007932120399999998,
        0.00081618204,
        0.0007852930399999999,
        0.0009094540399999997,
        0.0006970410399999999,
        0.0006936850399999999,
        0.0010268370399999997,
        0.0010407020399999997,
        0.00108940804,
        0.0011407800399999997,
        0.0008330930400000001,
        0.0010802720399999998,
        0.0008980780399999997,
        0.0008059750400000001,
        0.0007334250399999998,
        0.00075171604,
        0.0008255310400000001,
        0.00087595904,
        0.0008801970399999997,
        0.0009315280400000001,
        0.0008707100399999999,
        0.0007471500399999999,
        0.0008643040399999998,
        0.0007245100399999999,
        0.00099615804,
        0.00102222904,
        0.0010736310399999999,
        0.0012085210399999998,
        0.0010477950399999999,
        0.0008722220399999998,
        0.0010673090399999998,
        0.0008513460399999998,
        0.0007082810399999999,
        0.0009604090399999998
      ],
      "exit_codes": [
        0,
        0,
        0,
        0,
        0,
        0,
        0,
        0,
        0,
        0,
        0,
        0,
        0,
        0,
        0,
        0,
        0,
        0,
        0,
        0,
        0,
        0,
        0,
        0,
        0,
        0,
        0,
        0,
        0,
        0,
        0,
        0,
        0,
        0,
        0,
        0,
        0,
        0,
        0,
        0,
        0,
        0,
        0,
        0,
        0,
        0,
        0,
        0,
        0,
        0
      ]
    }
  ]
}
